warehouse_location,customer,ship_to_location,sales_order_number,salesperson,customer_po_number,commodity_id,style_id,size_id,grade_id,label_id,region_id,method_id,storage_id,color_id,order_quantity,sales_order_date,ship_date,line_id,uploaded_at,import_id,flag
COBBLESTONE,ALDI,"BATAVIA, IL",368157,PRESCOTT LEYBA,7502351741,NAVEL,TWB 150/4V,088,FANCY,,USA,TWB CT KRP,COBBLESTONE,CHEP,57,2024-10-28,2024-10-29,7ca97a5e9c74dc80278dacfb56e0889d,2024-10-29 13:52:46.979093,2,new
COBBLESTONE,ALDI,"BATAVIA, IL",368161,PRESCOTT LEYBA,7502357761,NAVEL,TWB 150/4V,088,FANCY,,USA,TWB CT KRP,COBBLESTONE,CHEP,57,2024-10-28,2024-10-30,c31130d149665735e81488f3e2844531,2024-10-29 13:52:46.979093,2,new
COBBLESTONE,ALDI FARIBAULT,"FARIBAULT, MN",367642,PRESCOTT LEYBA,324135,NAVEL,TWB 150/4V,113,FANCY,,USA,TWB CT KRP,COBBLESTONE,CHEP,60,2024-10-23,2024-10-29,4b0e3ec7e40750ae61f6f76bd53e594e,2024-10-29 13:52:46.979093,2,new
COBBLESTONE,ALDI MT JULIET,"MOUNT JULIET, TN",368041,PRESCOTT LEYBA,280482,LEMON,VEX 12-2#,115,FANCY,,USA,5 1/4 KRAFT,COBBLESTONE,CHEP,490,2024-10-25,2024-10-30,1eff83f33174d24347e549338e6f7c42,2024-10-29 13:52:46.979093,2,new
COBBLESTONE,ALDI MT JULIET,"MOUNT JULIET, TN",368041,PRESCOTT LEYBA,280482,NAVEL,TWB 150/4V,113,FANCY,,USA,TWB CT KRP,COBBLESTONE,CHEP,40,2024-10-25,2024-10-30,bc9920dd84a3826a51b908d0091376ce,2024-10-29 13:52:46.979093,2,new
COBBLESTONE,ALDI SPRINGFIELD,"SPRINGFIELD, OH",367892,PRESCOTT LEYBA,268175,LEMON,VEX 12-2#,115,FANCY,,USA,5 1/4 KRAFT,COBBLESTONE,CHEP,300,2024-10-24,2024-10-29,51a2705ac2e383825ce647253559e264,2024-10-29 13:52:46.979093,2,new
COBBLESTONE,ALDI SPRINGFIELD,"SPRINGFIELD, OH",367892,PRESCOTT LEYBA,268175,MANDARIN,GIRO 10-3#,036,FANCY,MANDIES,CHILE,6 1/2 KRAFT,JIREH ORANGE CO,CHEP,720,2024-10-24,2024-10-29,9825aa965e9b21a42860ad71c9b1c9c7,2024-10-29 13:52:46.979093,2,new
COBBLESTONE,ANA INTERNATIONAL CORP.,"BUSAN, KOREA",367927,JIM LAMB,308842,GRAPEFRUIT,CTN,036,EXP FANCY,,USA,SCTN GRPF KRP,COBBLESTONE,EXPORT,63,2024-10-25,2024-10-29,7c06342ebd5bc3b57f2776a87766e641,2024-10-29 13:52:46.979093,2,new
COBBLESTONE,ANA INTERNATIONAL CORP.,"BUSAN, KOREA",367927,JIM LAMB,308842,GRAPEFRUIT,CTN,040,EXP FANCY,,USA,SCTN GRPF KRP,COBBLESTONE,EXPORT,567,2024-10-25,2024-10-29,bdc95f00e2f74036c6d954279501a256,2024-10-29 13:52:46.979093,2,new
COBBLESTONE,ANA INTERNATIONAL CORP.,"BUSAN, KOREA",367927,JIM LAMB,308842,GRAPEFRUIT,CTN,048,EXP FANCY,,USA,SCTN GRPF KRP,COBBLESTONE,EXPORT,441,2024-10-25,2024-10-29,15de0782d738edccf4887ab7b6cff9f7,2024-10-29 13:52:46.979093,2,new
COBBLESTONE,ANA INTERNATIONAL CORP.,"BUSAN, KOREA",367927,JIM LAMB,308842,GRAPEFRUIT,CTN,056,EXP FANCY,,USA,SCTN GRPF KRP,COBBLESTONE,EXPORT,126,2024-10-25,2024-10-29,84ea4eb07fb35c0d27f4f51e5d9376ed,2024-10-29 13:52:46.979093,2,new
COBBLESTONE,ASSOCIATED WHOLESALE GROCERS,"ST. CLOUD, MN",367871,DUNCAN MARRIOTT,160258984,MANDARIN,GIRO 10-3#,003,FANCY,POPPIES,CHILE,ORIG CTN,COBBLESTONE,REGULAR,120,2024-10-24,2024-10-29,7d65e975191f27de9cd99fa9e9ee01d7,2024-10-29 13:52:46.979093,2,new
COBBLESTONE,"ATLANTIC FRESH TRADING, LLC.","CLARKS SUMMIT, PA",367369,ALEX MARRIOTT,67665,NAVEL,CTN,138,CHOICE,,USA,SCTN C NAV KRP,COBBLESTONE,REGULAR,0,2024-10-21,2024-10-29,ebd611007e0f9ce7af618ab842fb57c3,2024-10-29 13:52:46.979093,2,new
COBBLESTONE,"CAPITOL CITY PRODUCE COMPANY, LLC","BATON ROUGE,  LA",367955,DUNCAN MARRIOTT,609676,GRAPEFRUIT,CTN,032,FANCY,,USA,SCTN GRPF KRP,COBBLESTONE,REGULAR,18,2024-10-25,2024-10-30,8b102168d9fc92ee6afe52ee40198591,2024-10-29 13:52:46.979093,2,new
COBBLESTONE,"CAPITOL CITY PRODUCE COMPANY, LLC","BATON ROUGE,  LA",367955,DUNCAN MARRIOTT,609676,GRAPEFRUIT,CTN,048,FANCY,,USA,SCTN GRPF KRP,COBBLESTONE,REGULAR,36,2024-10-25,2024-10-30,1571bae53f34602f16379d6db50a2721,2024-10-29 13:52:46.979093,2,new
COBBLESTONE,"CAPITOL CITY PRODUCE COMPANY, LLC","BATON ROUGE,  LA",367955,DUNCAN MARRIOTT,609676,LEMON,GIRO 18-2#,165,CHOICE,,USA,8 1/4 LEM KRP,COBBLESTONE,REGULAR,200,2024-10-25,2024-10-30,4e48306169bfcca47009aa60c0b41ca7,2024-10-29 13:52:46.979093,2,new
COBBLESTONE,"CAPITOL CITY PRODUCE COMPANY, LLC","BATON ROUGE,  LA",367955,DUNCAN MARRIOTT,609676,NAVEL,CTN,056,FANCY,,USA,SCTN F NAV KRP,COBBLESTONE,REGULAR,216,2024-10-25,2024-10-30,c829cb361a520b347f774d44f3f78995,2024-10-29 13:52:46.979093,2,new
COBBLESTONE,"CAPITOL CITY PRODUCE COMPANY, LLC","BATON ROUGE,  LA",367955,DUNCAN MARRIOTT,609676,NAVEL,GIRO 12-3#,113,FANCY,HEIRLOOM,USA,7 7/8 HLM KRP,COBBLESTONE,REGULAR,240,2024-10-25,2024-10-30,dda9c8908af83d81da6f51644c9ce922,2024-10-29 13:52:46.979093,2,new
COBBLESTONE,"CDS DISTRIBUTING, INC","SOUTH SAN FRANCISCO, CA",367570,SETH NORDELL,,NAVEL,CTN,113,CHOICE,NO STICKER,USA,SCTN C NAV KRP,COBBLESTONE,REGULAR,108,2024-10-22,2024-10-29,9649f84ee42cb5dde934c37643f0dcb1,2024-10-29 13:52:46.979093,2,new
COBBLESTONE,COAST CITRUS DISTRIBUTORS,"SAN DIEGO, CA",367759,MARTIN GARCIA,567852,NAVEL,CTN,088,FANCY,,USA,SCTN F NAV KRP,COBBLESTONE,REGULAR,54,2024-10-23,2024-10-29,32397cbd81d0c4228237de889a70424e,2024-10-29 13:52:46.979093,2,new
COBBLESTONE,COAST CITRUS DISTRIBUTORS,"SAN DIEGO, CA",367759,MARTIN GARCIA,567852,NAVEL,CTN,113,FANCY,,USA,SCTN F NAV KRP,COBBLESTONE,REGULAR,324,2024-10-23,2024-10-29,5759f28f60d5a038f120ea9114666f6a,2024-10-29 13:52:46.979093,2,new
COBBLESTONE,COAST TROPICAL,"UNION CITY, CA",368105,MARTIN GARCIA,253162,NAVEL,CTN,048,FANCY,NO STICKER,USA,SCTN C NAV KRP,COBBLESTONE,REGULAR,54,2024-10-28,2024-10-29,ab977dfd873778a0d1b561ae4cc1292d,2024-10-29 13:52:46.979093,2,new
COBBLESTONE,COAST TROPICAL,"UNION CITY, CA",368105,MARTIN GARCIA,253162,NAVEL,CTN,072,FANCY,NO STICKER,USA,SCTN C NAV KRP,COBBLESTONE,REGULAR,54,2024-10-28,2024-10-29,01881b2d6a7163fb67fc0f8199aa22b5,2024-10-29 13:52:46.979093,2,new
COBBLESTONE,COAST TROPICAL,"UNION CITY, CA",368105,MARTIN GARCIA,253162,NAVEL,CTN,088,FANCY,NO STICKER,USA,SCTN C NAV KRP,COBBLESTONE,REGULAR,54,2024-10-28,2024-10-29,eda07b1aae243014ae48f0c7669f16fa,2024-10-29 13:52:46.979093,2,new
COBBLESTONE,COAST TROPICAL,"UNION CITY, CA",368105,MARTIN GARCIA,253162,NAVEL,CTN,113,FANCY,NO STICKER,USA,SCTN C NAV KRP,COBBLESTONE,REGULAR,270,2024-10-28,2024-10-29,72ec9e75572143e3739ed1d86f98e20a,2024-10-29 13:52:46.979093,2,new
COBBLESTONE,COAST TROPICAL,"UNION CITY, CA",368105,MARTIN GARCIA,253162,NAVEL,CTN,138,FANCY,NO STICKER,USA,SCTN C NAV KRP,COBBLESTONE,REGULAR,108,2024-10-28,2024-10-29,f370949d337088bc001ae82fe20c6c76,2024-10-29 13:52:46.979093,2,new
COBBLESTONE,COSTCO WHOLESALE,"AURORA, CO",368037,JOEL YEARY,013871025033,NAVEL,FOX 4-8#,072,FANCY,,USA,7 3/8 ORN KRP,COBBLESTONE,CHEP,1000,2024-10-25,2024-10-29,f0016ec4656cfc9b152dc9b7316a4770,2024-10-29 13:52:46.979093,2,new
COBBLESTONE,COSTCO WHOLESALE,"AURORA, CO - WET",103502,JOEL YEARY,013871022125,MANDARIN,GIRO 6-5#,04B,FANCY,FRUIT STAND,CHILE,ORIG CTN,COBBLESTONE,CHEP,1200,2024-10-22,2024-10-29,ccffa395046f299d1bdb024dc2367a9e,2024-10-29 13:52:46.979093,2,new
COBBLESTONE,COSTCO WHOLESALE,"DALLAS, TX (#289) (WET DEPOT)",367092,JOEL YEARY,002891015152,NAVEL,FOX 4-8#,113,FANCY,,USA,7 3/8 ORN KRP,COBBLESTONE,CHEP,600,2024-10-15,2024-10-29,c62bed5ee7942ef3ca09fbef9e20b71e,2024-10-29 13:52:46.979093,2,new
COBBLESTONE,COSTCO WHOLESALE,"MIRALOMA, CA (#961)",103504,JOEL YEARY,009611022465,MANDARIN,GIRO 6-5#,04B,FANCY,FRUIT STAND,CHILE,ORIG CTN,COBBLESTONE,CHEP,600,2024-10-22,2024-10-30,7bef5428a76756e35d727335a40a7cc3,2024-10-29 13:52:46.979093,2,new
COBBLESTONE,COSTCO WHOLESALE,"MIRALOMA, CA (#961)",103509,JOEL YEARY,009611022460,MANDARIN,GIRO 6-5#,04B,FANCY,FRUIT STAND,CHILE,ORIG CTN,COBBLESTONE,CHEP,0,2024-10-22,2024-10-29,820d698ae80260d4a313f4a705773e5c,2024-10-29 13:52:46.979093,2,new
COBBLESTONE,COSTCO WHOLESALE,"SALT LAKE CITY, UT (WET)",103501,JOEL YEARY,005851022068,MANDARIN,GIRO 6-5#,04B,FANCY,FRUIT STAND,CHILE,ORIG CTN,COBBLESTONE,CHEP,1200,2024-10-22,2024-10-30,d09ac1a761a3c0d7b8d2edef181f2ab3,2024-10-29 13:52:46.979093,2,new
COBBLESTONE,FARMS CO II USA,KINGS RIVER PACKING,367567,JOEL YEARY,103501/50604,MANDARIN,GIRO 6-5#,04B,FANCY,FRUIT STAND,CHILE,ORIG CTN,COBBLESTONE,CHEP,1200,2024-10-22,2024-10-30,24c1eeffcdbed3c57b1caf4b292129a1,2024-10-29 13:52:46.979093,2,new
COBBLESTONE,FARMS CO II USA,KINGS RIVER PACKING,367586,JOEL YEARY,103502/50605,MANDARIN,GIRO 6-5#,04B,FANCY,FRUIT STAND,CHILE,ORIG CTN,COBBLESTONE,CHEP,1200,2024-10-22,2024-10-29,186069bd76bb4342de2b4ba03b86652f,2024-10-29 13:52:46.979093,2,new
COBBLESTONE,FARMS CO II USA,KINGS RIVER PACKING,367588,JOEL YEARY,103504/50607,MANDARIN,GIRO 6-5#,04B,FANCY,FRUIT STAND,CHILE,ORIG CTN,COBBLESTONE,CHEP,600,2024-10-22,2024-10-30,eee015ccb30b2fefb1f4a8f8241f2908,2024-10-29 13:52:46.979093,2,new
COBBLESTONE,FREESTONE PRODUCE INC,"CALGARY, AB, CANADA",368182,SETH NORDELL,,NAVEL,CTN,113,FANCY,NO STICKER,USA,SCTN F NAV KRP,COBBLESTONE,REGULAR,1080,2024-10-28,2024-10-29,b02fee8acb297020847a97753b5ec0f6,2024-10-29 13:52:46.979093,2,new
COBBLESTONE,"INTERNATIONAL PRODUCE GROUP, LLC","BUSAN, KOREA",367667,JIM LAMB,116509,GRAPEFRUIT,CTN,040,EXP CHOICE,,USA,SCTN GRPF KRP,COBBLESTONE,EXPORT,126,2024-10-23,2024-10-29,e1a1f7674042885da6477848facbac05,2024-10-29 13:52:46.979093,2,new
COBBLESTONE,"INTERNATIONAL PRODUCE GROUP, LLC","BUSAN, KOREA",367667,JIM LAMB,116509,GRAPEFRUIT,CTN,048,EXP FANCY,,USA,SCTN GRPF KRP,COBBLESTONE,EXPORT,378,2024-10-23,2024-10-29,0323c5c59890e96702ed740df246058b,2024-10-29 13:52:46.979093,2,new
COBBLESTONE,"INTERNATIONAL PRODUCE GROUP, LLC","BUSAN, KOREA",367667,JIM LAMB,116509,GRAPEFRUIT,CTN,056,EXP FANCY,,USA,SCTN GRPF KRP,COBBLESTONE,EXPORT,630,2024-10-23,2024-10-29,682b8a4d870ffa63d39b79f65c3ee8e0,2024-10-29 13:52:46.979093,2,new
COBBLESTONE,"KINGS RIVER PACKING, LP",MARKETING,368252,KINGS RIVER PACKING,SAMPLE- INDRIO,GRAPEFRUIT,CTN,040,FANCY,,USA,CTN,COBBLESTONE,,1,2024-10-29,2024-10-29,3a9e888d5448b7b4b838e602907f4be1,2024-10-29 13:52:46.979093,2,day_of_order
COBBLESTONE,"KINGS RIVER PACKING, LP",MARKETING,368252,KINGS RIVER PACKING,SAMPLE- INDRIO,MANDARIN,25# CTN,001,FANCY,POPPIES,USA,HBSH MAND POPI,COBBLESTONE,,1,2024-10-29,2024-10-29,f56ba47c7c1708561eb0495fb71a12e5,2024-10-29 13:52:46.979093,2,day_of_order
COBBLESTONE,"KINGS RIVER PACKING, LP",MARKETING,368252,KINGS RIVER PACKING,SAMPLE- INDRIO,NAVEL,CTN,072,FANCY,,USA,CTN,COBBLESTONE,,1,2024-10-29,2024-10-29,3dd170984bda473ad2c9405e6a1dd1c9,2024-10-29 13:52:46.979093,2,day_of_order
COBBLESTONE,KROGER,"FORT GILLEM - FOREST PARK, GA",368014,PRESCOTT LEYBA,11894998,LEMON,CTN,115,FANCY,,USA,RPC 6419,COBBLESTONE,CHEP,120,2024-10-25,2024-10-29,80307f43d97b7ed75035995a0a04f3f7,2024-10-29 13:52:46.979093,2,new
COBBLESTONE,KROGER,"FORT GILLEM - FOREST PARK, GA",368014,PRESCOTT LEYBA,11894998,LEMON,FOX 18-2#,095,FANCY,KROGER,CHILE,RPC 6423,COBBLESTONE,CHEP,105,2024-10-25,2024-10-29,265b0a2ebeda9b2d6714105f07e759f6,2024-10-29 13:52:46.979093,2,new
COBBLESTONE,KROGER,"FORT GILLEM - FOREST PARK, GA",368014,PRESCOTT LEYBA,11894998,LEMON,FOX 18-2#,095,FANCY,KROGER,USA,RPC 6423,COBBLESTONE,CHEP,23,2024-10-25,2024-10-29,c7bb7f1fc40b40360bb4c2912730bdd2,2024-10-29 13:52:46.979093,2,new
COBBLESTONE,KROGER,"MEMPHIS, TN",368002,PRESCOTT LEYBA,23815567,LEMON,CTN,115,FANCY,,USA,RPC 6419,COBBLESTONE,CHEP,80,2024-10-25,2024-10-29,2b553d39268e37d8c1eda9a32989d136,2024-10-29 13:52:46.979093,2,new
COBBLESTONE,KROGER,"MEMPHIS, TN",368002,PRESCOTT LEYBA,23815567,LEMON,FOX 18-2#,095,FANCY,KROGER,CHILE,RPC 6423,COBBLESTONE,CHEP,175,2024-10-25,2024-10-29,b05f4291e2c4a1e5404b597f985e5392,2024-10-29 13:52:46.979093,2,new
COBBLESTONE,KROGER,"RIVERSIDE, CA",367764,PRESCOTT LEYBA,10810460,LEMON,CTN,095,FANCY,,USA,RPC 6419,COBBLESTONE,CHEP,144,2024-10-23,2024-10-30,b69a289d9cd61cbd3fc5c1cd476f6119,2024-10-29 13:52:46.979093,2,new
COBBLESTONE,KROGER,"RIVERSIDE, CA",367764,PRESCOTT LEYBA,10810460,LEMON,CTN,115,FANCY,,USA,RPC 6419,COBBLESTONE,CHEP,216,2024-10-23,2024-10-30,2816f4e9b1a1a6e46e3b898f00caf509,2024-10-29 13:52:46.979093,2,new
COBBLESTONE,KROGER,"RIVERSIDE, CA",367764,PRESCOTT LEYBA,10810460,LEMON,FOX 18-2#,095,FANCY,KROGER,USA,RPC 6423,COBBLESTONE,CHEP,160,2024-10-23,2024-10-30,cb08b2c2f82168cf745bbb7766d6f462,2024-10-29 13:52:46.979093,2,new
COBBLESTONE,KROGER,"RIVERSIDE, CA",367764,PRESCOTT LEYBA,10810460,PUMMELO,CTN,010,FANCY,,USA,CTN,COBBLESTONE,CHEP,54,2024-10-23,2024-10-30,77cb748550b4c4b804352d2c49695856,2024-10-29 13:52:46.979093,2,new
COBBLESTONE,LA GALERA PRODUCE LLC.,"CHICAGO, IL",367820,PRESCOTT LEYBA,Christian,GRAPEFRUIT,CTN,027,FANCY,,USA,SCTN KRAFT KRP,COBBLESTONE,REGULAR,0,2024-10-24,2024-10-29,78f8147db7ffc2eec98d7eba32fd0cea,2024-10-29 13:52:46.979093,2,new
COBBLESTONE,LA GALERA PRODUCE LLC.,"CHICAGO, IL",367820,PRESCOTT LEYBA,Christian,GRAPEFRUIT,CTN,036,FANCY,,USA,SCTN KRAFT KRP,COBBLESTONE,REGULAR,0,2024-10-24,2024-10-29,cd3ddcd1c08c00ee13f0e83c843ae4f3,2024-10-29 13:52:46.979093,2,new
COBBLESTONE,LA GALERA PRODUCE LLC.,"CHICAGO, IL",367820,PRESCOTT LEYBA,Christian,NAVEL,CTN,056,FANCY,,USA,SCTN C NAV KRP,COBBLESTONE,REGULAR,270,2024-10-24,2024-10-29,af977d4ffb8840125dec08d0ebf37292,2024-10-29 13:52:46.979093,2,new
COBBLESTONE,LA GALERA PRODUCE LLC.,"CHICAGO, IL",367820,PRESCOTT LEYBA,Christian,NAVEL,CTN,072,FANCY,,USA,SCTN C NAV KRP,COBBLESTONE,REGULAR,0,2024-10-24,2024-10-29,075dc410d5dae9503c3108ad65227ba5,2024-10-29 13:52:46.979093,2,new
COBBLESTONE,LA GALERA PRODUCE LLC.,"CHICAGO, IL",367820,PRESCOTT LEYBA,Christian,NAVEL,GIRO 12-3#,113,CHOICE,,USA,BAGMAS MED,COBBLESTONE,REGULAR,210,2024-10-24,2024-10-29,7f6fcef2bd483a1179a56ea474591581,2024-10-29 13:52:46.979093,2,new
COBBLESTONE,"LIBERTY FRUIT CO., INC.","KANSAS CITY, KS",368179,ALEX MARRIOTT,00192122,MANDARIN,GIRO 10-3#,003,FANCY,POPPIES,CHILE,ORIG CTN,COBBLESTONE,REGULAR,60,2024-10-28,2024-10-30,8f57504482a25c91aaab983e1a9db6e3,2024-10-29 13:52:46.979093,2,new
COBBLESTONE,"LIBERTY FRUIT CO., INC.","KANSAS CITY, KS",368179,ALEX MARRIOTT,00192122,NAVEL,CTN,072,FANCY,,USA,SCTN F NAV KRP,COBBLESTONE,REGULAR,27,2024-10-28,2024-10-30,57b9d73be715f38db97338356d68c7fa,2024-10-29 13:52:46.979093,2,new
COBBLESTONE,"LIBERTY FRUIT CO., INC.","KANSAS CITY, KS",368179,ALEX MARRIOTT,00192122,NAVEL,CTN,088,FANCY,,USA,SCTN F NAV KRP,COBBLESTONE,REGULAR,54,2024-10-28,2024-10-30,e7e224a09306f3e0f4b9a913f0af4389,2024-10-29 13:52:46.979093,2,new
COBBLESTONE,"LIBERTY FRUIT CO., INC.","KANSAS CITY, KS",368179,ALEX MARRIOTT,00192122,NAVEL,CTN,088,CHOICE,,USA,SCTN C NAV KRP,COBBLESTONE,REGULAR,162,2024-10-28,2024-10-30,3cd18137c29be1dc15525177e0e39715,2024-10-29 13:52:46.979093,2,new
COBBLESTONE,"LIBERTY FRUIT CO., INC.","KANSAS CITY, KS",368179,ALEX MARRIOTT,00192122,NAVEL,CTN,113,FANCY,,USA,SCTN F NAV KRP,COBBLESTONE,REGULAR,27,2024-10-28,2024-10-30,1ed3bea1a40673a213ea458b002d92e3,2024-10-29 13:52:46.979093,2,new
COBBLESTONE,"LIBERTY FRUIT CO., INC.","KANSAS CITY, KS",368179,ALEX MARRIOTT,00192122,NAVEL,CTN,113,CHOICE,,USA,SCTN C NAV KRP,COBBLESTONE,REGULAR,54,2024-10-28,2024-10-30,e57c9611305e9e313591cb94ea5eed83,2024-10-29 13:52:46.979093,2,new
COBBLESTONE,"LIBERTY FRUIT CO., INC.","KANSAS CITY, KS",368179,ALEX MARRIOTT,00192122,NAVEL,CTN,138,FANCY,,USA,SCTN F NAV KRP,COBBLESTONE,REGULAR,216,2024-10-28,2024-10-30,52a38636688f0c894a4c3d968d2b0734,2024-10-29 13:52:46.979093,2,new
COBBLESTONE,"LIBERTY FRUIT CO., INC.","KANSAS CITY, KS",368179,ALEX MARRIOTT,00192122,NAVEL,GIRO 10-4#,113,CHOICE,,USA,BAGMAS MED,COBBLESTONE,REGULAR,21,2024-10-28,2024-10-30,641826f73e2c4043d0a6b9b0f99901a7,2024-10-29 13:52:46.979093,2,new
COBBLESTONE,"MARKON COOPERATIVE, INC.","ALBUQUERQUE, NM",368100,SETH NORDELL,T915710P20,LEMON,CTN,140,CHOICE,ESS,USA,CTN,COBBLESTONE,REGULAR,9,2024-10-25,2024-10-29,9ad099042f93b9f5b817b9a0537b0c57,2024-10-29 13:52:46.979093,2,new
COBBLESTONE,"MARKON COOPERATIVE, INC.","ALBUQUERQUE, NM",368100,SETH NORDELL,T915710P20,LEMON,CTN,165,CHOICE,ESS,USA,CTN,COBBLESTONE,REGULAR,9,2024-10-25,2024-10-29,d0dd4864da6961a23e53e011de35a487,2024-10-29 13:52:46.979093,2,new
COBBLESTONE,"MARKON COOPERATIVE, INC.","ALBUQUERQUE, NM",368100,SETH NORDELL,T915710P20,NAVEL,CTN,113,CHOICE,ESS,USA,SCTN C CT ESS,COBBLESTONE,REGULAR,60,2024-10-25,2024-10-29,e30201eb74a8d6ce0b8bcdcd2857898a,2024-10-29 13:52:46.979093,2,new
COBBLESTONE,"MARKON COOPERATIVE, INC.","BRIGHTON, MI",368180,SETH NORDELL,U101870P01,MANDARIN,15.5KG,003,FANCY,POPPIES,CHILE,ORIG CTN,COBBLESTONE,REGULAR,200,2024-10-28,2024-10-29,78f26bc4e3a26c27a035042332eac449,2024-10-29 13:52:46.979093,2,new
COBBLESTONE,"MARKON COOPERATIVE, INC.","DELTA, BC",368218,SETH NORDELL,U103590P01,LEMON,10# CARTON,115,CHOICE,ESS,USA,CPK C CT ESS,COBBLESTONE,REGULAR,30,2024-10-28,2024-10-30,faecf67197f6ca95906274bf2083e1ba,2024-10-29 13:52:46.979093,2,new
COBBLESTONE,"MARKON COOPERATIVE, INC.","EDMONTON, AB",368140,SETH NORDELL,U102800P03,LEMON,10# CARTON,140,CHOICE,ESS,USA,CPK C CT ESS,COBBLESTONE,REGULAR,10,2024-10-28,2024-10-30,1605a6d19017173e22622c0012b7cfa5,2024-10-29 13:52:46.979093,2,new
COBBLESTONE,"MARKON COOPERATIVE, INC.",HOUSTON TX,368109,SETH NORDELL,U101140P03,LEMON,10# CARTON,140,FANCY,MFC,USA,CPK F CT MFC,COBBLESTONE,REGULAR,17,2024-10-28,2024-10-29,971f4af7dd6f0ad8090635e4d0fd357c,2024-10-29 13:52:46.979093,2,new
COBBLESTONE,"MARKON COOPERATIVE, INC.",HOUSTON TX,368109,SETH NORDELL,U101140P03,MANDARIN,15.5KG,003,FANCY,,CHILE,ORIG CTN,COBBLESTONE,REGULAR,8,2024-10-28,2024-10-29,c9365232c5f318fa325b659ebebf9c02,2024-10-29 13:52:46.979093,2,new
COBBLESTONE,"MARKON COOPERATIVE, INC.",HOUSTON TX,368109,SETH NORDELL,U101140P03,NAVEL,CTN,088,CHOICE,ESS,USA,SCTN C CT ESS,COBBLESTONE,REGULAR,27,2024-10-28,2024-10-29,fd8e7c260ca8741430df24e2bde8ed3e,2024-10-29 13:52:46.979093,2,new
COBBLESTONE,"MARKON COOPERATIVE, INC.",HOUSTON TX,368109,SETH NORDELL,U101140P03,NAVEL,CTN,113,CHOICE,ESS,USA,SCTN C CT ESS,COBBLESTONE,REGULAR,18,2024-10-28,2024-10-29,b19fee911b72677f3b913dfb5d807e46,2024-10-29 13:52:46.979093,2,new
COBBLESTONE,"MARKON COOPERATIVE, INC.",HOUSTON TX,368109,SETH NORDELL,U101140P03,NAVEL,10# CARTON,088,FANCY,MFC,USA,CPK F CT MFC,COBBLESTONE,REGULAR,51,2024-10-28,2024-10-29,74bf028367a384ef75b9067ad9409988,2024-10-29 13:52:46.979093,2,new
COBBLESTONE,"MARKON COOPERATIVE, INC.","IMPERIAL, PA",368106,SETH NORDELL,U100700P07,LEMON,10# CARTON,140,FANCY,MFC,USA,CPK F CT MFC,COBBLESTONE,REGULAR,17,2024-10-28,2024-10-29,563ea220ee00f07c806d8c5d3f3b181f,2024-10-29 13:52:46.979093,2,new
COBBLESTONE,"MARKON COOPERATIVE, INC.","IMPERIAL, PA",368176,SETH NORDELL,U101830P01,MANDARIN,15.5KG,003,FANCY,POPPIES,CHILE,ORIG CTN,COBBLESTONE,REGULAR,90,2024-10-28,2024-10-29,775b28213e9b359cf4cdb7d46cbfe56f,2024-10-29 13:52:46.979093,2,new
COBBLESTONE,"MARKON COOPERATIVE, INC.","IMPERIAL, PA",368176,SETH NORDELL,U101830P01,NAVEL,5# CARTON,088,FANCY,MFC,USA,CPK F CT MFC,COBBLESTONE,REGULAR,30,2024-10-28,2024-10-29,6f43019758210538bd5819dbf9a93c40,2024-10-29 13:52:46.979093,2,new
COBBLESTONE,"MARKON COOPERATIVE, INC.","KENOSHA, WI",368181,SETH NORDELL,U101840P01,MANDARIN,15.5KG,003,FANCY,POPPIES,CHILE,ORIG CTN,COBBLESTONE,REGULAR,100,2024-10-28,2024-10-29,271ea70f3a6524068a279b8c1972258e,2024-10-29 13:52:46.979093,2,new
COBBLESTONE,"MARKON COOPERATIVE, INC.","MISSOURI CITY, TX",368102,SETH NORDELL,U101390P05,NAVEL,CTN,088,FANCY,MFC,USA,CTN,COBBLESTONE,REGULAR,18,2024-10-28,2024-10-29,cb9932b97d9d308d869c6527a7afd5d7,2024-10-29 13:52:46.979093,2,new
COBBLESTONE,"MARKON COOPERATIVE, INC.","PLANT CITY, FL",368133,SETH NORDELL,U103110P04,LEMON,10# CARTON,140,FANCY,MFC,USA,CPK F CT MFC,COBBLESTONE,REGULAR,85,2024-10-28,2024-10-29,7d7b0924b65dc70b552d755dd9891943,2024-10-29 13:52:46.979093,2,new
COBBLESTONE,"MARKON COOPERATIVE, INC.","PLANT CITY, FL",368133,SETH NORDELL,U103110P04,MANDARIN,15.5KG,003,FANCY,,CHILE,ORIG CTN,COBBLESTONE,REGULAR,10,2024-10-28,2024-10-29,38a15b6e943e1d2b27b01f452d15a392,2024-10-29 13:52:46.979093,2,new
COBBLESTONE,"MARKON COOPERATIVE, INC.","PLANT CITY, FL",368133,SETH NORDELL,U103110P04,NAVEL,5# CARTON,088,FANCY,MFC,USA,CPK F CT MFC,COBBLESTONE,REGULAR,34,2024-10-28,2024-10-29,da1e97571f54b78c04c403e11ea9612b,2024-10-29 13:52:46.979093,2,new
COBBLESTONE,"MARKON COOPERATIVE, INC.","SALT LAKE CITY, UT",368219,SETH NORDELL,U104340P02,MANDARIN,GIRO 6-5#,032,FANCY,POPPIES,USA,6 1/2 KRAFT,COBBLESTONE,REGULAR,40,2024-10-28,2024-10-30,e0b01d25ba180f1498c8c20208f64e87,2024-10-29 13:52:46.979093,2,new
COBBLESTONE,"MARKON COOPERATIVE, INC.","SELMA, TX",368217,SETH NORDELL,U104380P03,LEMON,CTN,165,CHOICE,ESS,USA,CTN,COBBLESTONE,REGULAR,60,2024-10-28,2024-10-29,1ba7c61be6e363acfae3591865152c1c,2024-10-29 13:52:46.979093,2,new
COBBLESTONE,"MARKON COOPERATIVE, INC.","SELMA, TX",368217,SETH NORDELL,U104380P03,LEMON,CTN,200,CHOICE,ESS,USA,CTN,COBBLESTONE,REGULAR,36,2024-10-28,2024-10-29,6ef52c86bac8a53e0ba01a64eeeea75d,2024-10-29 13:52:46.979093,2,new
COBBLESTONE,"MARKON COOPERATIVE, INC.","SELMA, TX",368217,SETH NORDELL,U104380P03,LEMON,10# CARTON,165,CHOICE,,USA,CPK C CT ESS,COBBLESTONE,REGULAR,10,2024-10-28,2024-10-29,8ff34c00f382a73b5ebaf88e65f5d8bd,2024-10-29 13:52:46.979093,2,new
COBBLESTONE,"MARKON COOPERATIVE, INC.","SELMA, TX",368217,SETH NORDELL,U104380P03,NAVEL,CTN,088,CHOICE,ESS,USA,SCTN C CT ESS,COBBLESTONE,REGULAR,21,2024-10-28,2024-10-29,b759648eea1e9769218acddff94bfdb3,2024-10-29 13:52:46.979093,2,new
COBBLESTONE,"MARKON COOPERATIVE, INC.","SELMA, TX",368217,SETH NORDELL,U104380P03,NAVEL,CTN,113,CHOICE,ESS,USA,SCTN C CT ESS,COBBLESTONE,REGULAR,18,2024-10-28,2024-10-29,a9127d6418b5f8f59933d8aa016b747a,2024-10-29 13:52:46.979093,2,new
COBBLESTONE,"MARKON COOPERATIVE, INC.","SELMA, TX",368217,SETH NORDELL,U104380P03,NAVEL,10# CARTON,088,FANCY,,USA,CPK ORN KRP,COBBLESTONE,REGULAR,17,2024-10-28,2024-10-29,69802fa89b3c52f7f08d68107bf16951,2024-10-29 13:52:46.979093,2,new
COBBLESTONE,"MARKON COOPERATIVE, INC.","TAUNTON, MA",368111,SETH NORDELL,U102570P02,NAVEL,CTN,088,FANCY,MFC,USA,CTN,COBBLESTONE,REGULAR,18,2024-10-28,2024-10-29,91133255dd448b8d94372f14d978dc12,2024-10-29 13:52:46.979093,2,new
COBBLESTONE,"MARKON COOPERATIVE, INC.","TAUNTON, MA",368111,SETH NORDELL,U102570P02,NAVEL,CTN,113,FANCY,,USA,CTN,COBBLESTONE,REGULAR,9,2024-10-28,2024-10-29,c9e4d37970b2d056eec72e5ef5d061f4,2024-10-29 13:52:46.979093,2,new
COBBLESTONE,"MARKON COOPERATIVE, INC.","TAUNTON, MA",368111,SETH NORDELL,U102570P02,NAVEL,CTN,138,FANCY,MFC,USA,CTN,COBBLESTONE,REGULAR,18,2024-10-28,2024-10-29,f92a797db6b1e83f7ca0aa106c906d4c,2024-10-29 13:52:46.979093,2,new
COBBLESTONE,MITCHELL GROCERY CORP.,"ALBERTVILLE, AL",368137,SAMANTHA HOUGH,87320,MANDARIN,GIRO 10-3#,003,FANCY,,USA,ORIG CTN,COBBLESTONE,REGULAR,60,2024-10-28,2024-10-30,d2c852ed7fa8ab9a69d5f413a3d17b0b,2024-10-29 13:52:46.979093,2,new
COBBLESTONE,MITCHELL GROCERY CORP.,"ALBERTVILLE, AL",368137,SAMANTHA HOUGH,87320,NAVEL,CTN,088,FANCY,,USA,CTN,COBBLESTONE,REGULAR,54,2024-10-28,2024-10-30,387826a5ddc88f67d7502f2ca5bca3e3,2024-10-29 13:52:46.979093,2,new
COBBLESTONE,MITCHELL GROCERY CORP.,"ALBERTVILLE, AL",368137,SAMANTHA HOUGH,87320,NAVEL,GIRO 10-4#,072,FANCY,,USA,BAGMAS MED,COBBLESTONE,REGULAR,42,2024-10-28,2024-10-30,9a75d40ec548b13dd3f3b9ebd7ba8e1a,2024-10-29 13:52:46.979093,2,new
COBBLESTONE,MITCHELL GROCERY CORP.,"ALBERTVILLE, AL",368137,SAMANTHA HOUGH,87320,PUMMELO,CTN,014,FANCY,,USA,CTN,COBBLESTONE,REGULAR,27,2024-10-28,2024-10-30,4d309e0e1d9afb7fdf21236be901a495,2024-10-29 13:52:46.979093,2,new
COBBLESTONE,"MURGUIA FRUIT COMPANY, INC.","HOUSTON, TX",367545,JOEL YEARY,32708,NAVEL,CTN,138,FANCY,,USA,SCTN F NAV KRP,COBBLESTONE,REGULAR,648,2024-10-22,2024-10-29,b444612eacdc04f74f862a2e8716b542,2024-10-29 13:52:46.979093,2,new
COBBLESTONE,"NATHEL & NATHEL, INC.","NEW YORK, NY",368258,JOEL YEARY,10/29 - Navels (1),NAVEL,CTN,113,FANCY,NO STICKER,USA,SCTN F NAV KRP,COBBLESTONE,REGULAR,1080,2024-10-29,2024-10-29,13fd3872e4042d211cdc28e37c6071af,2024-10-29 13:52:46.979093,2,day_of_order
COBBLESTONE,PACIFIC COAST FRESH CO.,"KENT, WA",367800,MARTIN GARCIA,833003,NAVEL,CTN,056,FANCY,,USA,SCTN F NAV KRP,COBBLESTONE,REGULAR,108,2024-10-24,2024-10-29,a2b7b0b2f12640ce6d715da562e61136,2024-10-29 13:52:46.979093,2,new
COBBLESTONE,PACIFIC COAST FRESH CO.,"KENT, WA",367800,MARTIN GARCIA,833003,NAVEL,CTN,113,FANCY,NO STICKER,USA,SCTN C NAV KRP,COBBLESTONE,REGULAR,54,2024-10-24,2024-10-29,e4c1371cfb0e10b320bad9327dafa8a1,2024-10-29 13:52:46.979093,2,new
COBBLESTONE,PATTISON FOOD GROUP LTD,LANGLEY - PERISHABLES FACILITY,367736,JOEL YEARY,3089207,MANDARIN,GIRO 15-2#,003,FANCY,POPPIES,CHILE,ORIG CTN,COBBLESTONE,CHEP,1200,2024-10-23,2024-10-29,64aa4d5334643b20ce6242f84bc30b2d,2024-10-29 13:52:46.979093,2,new
COBBLESTONE,"PRODUCE ALLIANCE, LLC.","BUFFALO GROVE, IL",368266,ALEX MARRIOTT,411753,NAVEL,CTN,113,FANCY,,USA,SCTN F NAV KRP,COBBLESTONE,REGULAR,108,2024-10-29,2024-10-30,6b853c93fb47bcffc1c551ddc0c35b00,2024-10-29 13:52:46.979093,2,new
COBBLESTONE,"PRODUCE ALLIANCE, LLC.","BUFFALO GROVE, IL",368267,ALEX MARRIOTT,411752,NAVEL,CTN,113,FANCY,,USA,SCTN F NAV KRP,COBBLESTONE,REGULAR,162,2024-10-29,2024-10-30,b0d0b7af5b9d4e5b43ffde7b019db860,2024-10-29 13:52:46.979093,2,new
COBBLESTONE,"PRODUCE ALLIANCE, LLC.","TONAWANDA, NY",368046,ALEX MARRIOTT,,NAVEL,CTN,088,FANCY,NO STICKER,USA,SCTN F NAV KRP,COBBLESTONE,REGULAR,54,2024-10-25,2024-10-29,5d9f4b9d623fae36195c3a85f6b47115,2024-10-29 13:52:46.979093,2,new
COBBLESTONE,"PRODUCE ALLIANCE, LLC.","TONAWANDA, NY",368046,ALEX MARRIOTT,,NAVEL,CTN,113,FANCY,NO STICKER,USA,SCTN F NAV KRP,COBBLESTONE,REGULAR,459,2024-10-25,2024-10-29,13c73a9bce678cd7315171041dd3b3c6,2024-10-29 13:52:46.979093,2,new
COBBLESTONE,REAVES BROKERAGE COMPANY,"RICHARDSON, TX",368030,MARTIN GARCIA,,MANDARIN,15KG,1XX,FANCY,,CHILE,ORIG CTN,COBBLESTONE,REGULAR,0,2024-10-25,2024-10-29,01bdba6e70b5b326896ec90bc1e36b01,2024-10-29 13:52:46.979093,2,new
COBBLESTONE,REAVES BROKERAGE COMPANY,"RICHARDSON, TX",368030,MARTIN GARCIA,,NAVEL,CTN,138,FANCY,,USA,SCTN F NAV KRP,COBBLESTONE,REGULAR,270,2024-10-25,2024-10-29,bb36fbfbba0331aadcdcfc57be63711e,2024-10-29 13:52:46.979093,2,new
COBBLESTONE,RIGGIO DISTRIBUTION CO,"DETROIT, MI",368081,ALEX MARRIOTT,234395,LEMON,CTN,115,FANCY,,USA,SCTN F LEM KRP,COBBLESTONE,REGULAR,54,2024-10-28,2024-10-30,6f09f0fc49066eab6876bedd94063bd8,2024-10-29 13:52:46.979093,2,new
COBBLESTONE,RIGGIO DISTRIBUTION CO,"DETROIT, MI",368081,ALEX MARRIOTT,234395,LEMON,CTN,115,CHOICE,,USA,SCTN C LEM KRP,COBBLESTONE,REGULAR,54,2024-10-28,2024-10-30,b54179e100190aab63c8b40f19147bef,2024-10-29 13:52:46.979093,2,new
COBBLESTONE,RIGGIO DISTRIBUTION CO,"DETROIT, MI",368081,ALEX MARRIOTT,234395,LEMON,CTN,140,CHOICE,,USA,SCTN C LEM KRP,COBBLESTONE,REGULAR,54,2024-10-28,2024-10-30,15663b9a45a23a953c64d3b8596c4d65,2024-10-29 13:52:46.979093,2,new
COBBLESTONE,RIGGIO DISTRIBUTION CO,"DETROIT, MI",368081,ALEX MARRIOTT,234395,LEMON,GIRO 18-2#,115,CHOICE,,USA,BAGMAS MED,COBBLESTONE,REGULAR,42,2024-10-28,2024-10-30,a289b46650534555853adfe039ebafa8,2024-10-29 13:52:46.979093,2,new
COBBLESTONE,RIGGIO DISTRIBUTION CO,"DETROIT, MI",368081,ALEX MARRIOTT,234395,NAVEL,CTN,088,FANCY,,USA,SCTN F NAV KRP,COBBLESTONE,REGULAR,108,2024-10-28,2024-10-30,062e29cbc785e0c92e501fbb106dea18,2024-10-29 13:52:46.979093,2,new
COBBLESTONE,RIGGIO DISTRIBUTION CO,"DETROIT, MI",368081,ALEX MARRIOTT,234395,NAVEL,CTN,113,FANCY,NO STICKER,USA,SCTN F NAV KRP,COBBLESTONE,REGULAR,108,2024-10-28,2024-10-30,d63e0ff62d9ddd5fa90c451169c02899,2024-10-29 13:52:46.979093,2,new
COBBLESTONE,RUSS DAVIS WHOLESALE,"WADENA, MN",367943,ALEX MARRIOTT,1284384,NAVEL,CTN,072,FANCY,,USA,SCTN F NAV KRP,COBBLESTONE,REGULAR,162,2024-10-25,2024-10-29,ee1bc9ffde8e43959b578763740eec78,2024-10-29 13:52:46.979093,2,new
COBBLESTONE,RUSS DAVIS WHOLESALE,"WADENA, MN",367943,ALEX MARRIOTT,1284384,NAVEL,GIRO 7-4#,113,CHOICE,,USA,6 1/2 KRAFT,COBBLESTONE,REGULAR,240,2024-10-25,2024-10-29,636c1536dbff89ee35b65b10b1c68fb8,2024-10-29 13:52:46.979093,2,new
COBBLESTONE,RUSS DAVIS WHOLESALE,"WADENA, MN",367949,ALEX MARRIOTT,1284383,LEMON,CTN,140,CHOICE,,USA,SCTN C LEM KRP,COBBLESTONE,REGULAR,54,2024-10-25,2024-10-29,01ff777e905bac707194cbf404b53035,2024-10-29 13:52:46.979093,2,new
COBBLESTONE,RUSS DAVIS WHOLESALE,"WADENA, MN",367949,ALEX MARRIOTT,1284383,NAVEL,CTN,072,FANCY,,USA,SCTN F NAV KRP,COBBLESTONE,REGULAR,108,2024-10-25,2024-10-29,ba0cad2f2986372971f59e7a9a4fad03,2024-10-29 13:52:46.979093,2,new
COBBLESTONE,RUSS DAVIS WHOLESALE,"WADENA, MN",367949,ALEX MARRIOTT,1284383,NAVEL,CTN,088,FANCY,,USA,SCTN F NAV KRP,COBBLESTONE,REGULAR,54,2024-10-25,2024-10-29,89af7a07bc2364ae4702d5e36ddd0702,2024-10-29 13:52:46.979093,2,new
COBBLESTONE,RUSS DAVIS WHOLESALE,"WADENA, MN",367949,ALEX MARRIOTT,1284383,NAVEL,CTN,138,FANCY,NO STICKER,USA,SCTN F NAV KRP,COBBLESTONE,REGULAR,108,2024-10-25,2024-10-29,a98b3f4c36eeac990a1ebfe576816335,2024-10-29 13:52:46.979093,2,new
COBBLESTONE,RUSS DAVIS WHOLESALE,"WADENA, MN",367949,ALEX MARRIOTT,1284383,NAVEL,GIRO 7-4#,113,CHOICE,,USA,6 1/2 KRAFT,COBBLESTONE,REGULAR,120,2024-10-25,2024-10-29,3895fe183cd418d916f7f7d2aa653fcb,2024-10-29 13:52:46.979093,2,new
COBBLESTONE,"SAFEWAY, INC.","AUBURN, WA",367524,JOEL YEARY,311893,NAVEL,CTN,072,FANCY,,USA,SCTN F NAV KRP,COBBLESTONE,CHEP,370,2024-10-22,2024-10-30,aebfdc406f110a62d62cb46ee3b2cec1,2024-10-29 13:52:46.979093,2,new
COBBLESTONE,"SAFEWAY, INC.","AUBURN, WA",367524,JOEL YEARY,311893,NAVEL,CTN,088,FANCY,,USA,SCTN F NAV KRP,COBBLESTONE,CHEP,0,2024-10-22,2024-10-30,3ecbd373ecabafa982aaf77ab39d6006,2024-10-29 13:52:46.979093,2,new
COBBLESTONE,"SAFEWAY, INC.","AUBURN, WA",367524,JOEL YEARY,311893,NAVEL,FOX 5-8#,088,CHOICE,SIG SELECT,USA,BAGMAS MED,COBBLESTONE,CHEP,126,2024-10-22,2024-10-30,f3da58a180d562ea065b363df91b58da,2024-10-29 13:52:46.979093,2,new
COBBLESTONE,SAM'S CLUB,"DC#6055 - MONROE, GA",368020,PRESCOTT LEYBA,0871276328,LEMON,FOX 12-3#,115,FANCY,SAMS,USA,7 7/8 LEM SAMS,COBBLESTONE,CHEP,600,2024-10-25,2024-10-30,f305aeecee1fc64eeb6f2cc17da0530e,2024-10-29 13:52:46.979093,2,new
COBBLESTONE,SEOUL TRADING INC.,"SANTA FE SPRINGS, CA",368247,SAMANTHA HOUGH,46357,NAVEL,CTN,040,FANCY,,USA,CTN,COBBLESTONE,REGULAR,108,2024-10-29,2024-10-29,73ca15560360753245574454b448d809,2024-10-29 13:52:46.979093,2,day_of_order
COBBLESTONE,SEOUL TRADING INC.,"SANTA FE SPRINGS, CA",368247,SAMANTHA HOUGH,46357,NAVEL,CTN,056,FANCY,,USA,CTN,COBBLESTONE,REGULAR,108,2024-10-29,2024-10-29,24ddb675ef6b43a797eeeb1c446e5a7f,2024-10-29 13:52:46.979093,2,day_of_order
COBBLESTONE,SEOUL TRADING INC.,"SANTA FE SPRINGS, CA",368247,SAMANTHA HOUGH,46357,NAVEL,CTN,072,FANCY,,USA,CTN,COBBLESTONE,REGULAR,162,2024-10-29,2024-10-29,aa95f0889cf0954bd6e45d499edf2c43,2024-10-29 13:52:46.979093,2,day_of_order
COBBLESTONE,SPROUTS FARMERS MARKET,"UNION CITY, CA",367906,JOEL YEARY,CC4980143453,NAVEL,CTN,072,FANCY,,USA,SCTN F NAV KRP,COBBLESTONE,REGULAR,108,2024-10-24,2024-10-29,cad87945842785706261b8d22f48f61c,2024-10-29 13:52:46.979093,2,new
COBBLESTONE,TARGET CORPORATION,"CEDAR FALLS, IA DC 3895",367909,PRESCOTT LEYBA,10001115865-3895,MANDARIN,GIRO 10-3#,003,FANCY,GOOD & GATHER,CHILE,ORIG CTN,COBBLESTONE,CHEP,1200,2024-10-24,2024-10-29,f7dd1372f2ceed4c37c3067106f2c361,2024-10-29 13:52:46.979093,2,new
COBBLESTONE,TARGET CORPORATION,"CEDAR FALLS, IA DC 3895",367911,PRESCOTT LEYBA,10001115869-3895,LEMON,CTN,115,FANCY,,USA,SCTN F LEM KRP,COBBLESTONE,CHEP,49,2024-10-24,2024-10-29,7a374d694acd69541acea3f5377b10c6,2024-10-29 13:52:46.979093,2,new
COBBLESTONE,TARGET CORPORATION,"CEDAR FALLS, IA DC 3895",367911,PRESCOTT LEYBA,10001115869-3895,LEMON,17.2 KG,115,FANCY,,CHILE,ORIG CTN,COBBLESTONE,CHEP,221,2024-10-24,2024-10-29,3a725ede5c4d4ef49e5985ef5dee158f,2024-10-29 13:52:46.979093,2,new
COBBLESTONE,TARGET CORPORATION,"CEDAR FALLS, IA DC 3895",367911,PRESCOTT LEYBA,10001115869-3895,NAVEL,CTN,072,FANCY,,USA,CTN,COBBLESTONE,CHEP,162,2024-10-24,2024-10-29,dcd271d69545ba0d7f3808a23c7d51b7,2024-10-29 13:52:46.979093,2,new
COBBLESTONE,TARGET CORPORATION,"CEDAR FALLS, IA DC 3895",367916,PRESCOTT LEYBA,10001115867-3895,LEMON,GIRO 18-2#,115,FANCY,GOOD & GATHER,USA,BAGMAS MED,COBBLESTONE,CHEP,210,2024-10-24,2024-10-29,5d90aa716320b97f269b7e5df6eba296,2024-10-29 13:52:46.979093,2,new
COBBLESTONE,TARGET CORPORATION,"CEDAR FALLS, IA DC 3895",367916,PRESCOTT LEYBA,10001115867-3895,NAVEL,GIRO 9-3#,088,FANCY,GOOD & GATHER,USA,6 1/2 KRAFT,COBBLESTONE,CHEP,400,2024-10-24,2024-10-29,65a4b11e2699e17b3041e54e4ae25812,2024-10-29 13:52:46.979093,2,new
COBBLESTONE,TARGET CORPORATION,"RIALTO, CA DC 3899",367244,PRESCOTT LEYBA,10001120748,GRAPEFRUIT,CTN,032,FANCY,,USA,SCTN KRAFT KRP,COBBLESTONE,CHEP,216,2024-10-16,2024-10-29,3c67f91dd278e5ec25c300248f3c40fa,2024-10-29 13:52:46.979093,2,new
COBBLESTONE,THE MIDWEST'S BEST PRODUCE COMPANY,"SAINT LOUIS, MO",368079,SAMANTHA HOUGH,85577,GRAPEFRUIT,CTN,064,FANCY,,USA,CTN,COBBLESTONE,REGULAR,0,2024-10-27,2024-10-29,dc84ecfdcdccb61c3db2d036a9adc872,2024-10-29 13:52:46.979093,2,new
COBBLESTONE,THE MIDWEST'S BEST PRODUCE COMPANY,"SAINT LOUIS, MO",368079,SAMANTHA HOUGH,85577,NAVEL,CTN,088,FANCY,,USA,CTN,COBBLESTONE,REGULAR,270,2024-10-27,2024-10-29,8b01e9940e62060120b70514a306fd7e,2024-10-29 13:52:46.979093,2,new
COBBLESTONE,THE MIDWEST'S BEST PRODUCE COMPANY,"SAINT LOUIS, MO",368079,SAMANTHA HOUGH,85577,NAVEL,CTN,088,CHOICE,,USA,CTN,COBBLESTONE,REGULAR,0,2024-10-27,2024-10-29,2848da98689167ed5c59b058fe4218da,2024-10-29 13:52:46.979093,2,new
COBBLESTONE,THE MIDWEST'S BEST PRODUCE COMPANY,"SAINT LOUIS, MO",368079,SAMANTHA HOUGH,85577,NAVEL,CTN,113,FANCY,,USA,CTN,COBBLESTONE,REGULAR,54,2024-10-27,2024-10-29,8dfc032942820533231d88804e9d45d4,2024-10-29 13:52:46.979093,2,new
COBBLESTONE,THE MIDWEST'S BEST PRODUCE COMPANY,"SAINT LOUIS, MO",368079,SAMANTHA HOUGH,85577,NAVEL,CTN,138,FANCY,,USA,CTN,COBBLESTONE,REGULAR,0,2024-10-27,2024-10-29,8d4c67a3a061966df4f426b061f138b3,2024-10-29 13:52:46.979093,2,new
COBBLESTONE,THE UNITED FAMILY,"LUBBOCK, TX",368096,JOEL YEARY,5345169,NAVEL,CTN,056,FANCY,,USA,SCTN F NAV KRP,COBBLESTONE,CHEP,108,2024-10-28,2024-10-30,cbeae63d942b37bb1198606ab4177038,2024-10-29 13:52:46.979093,2,new
COBBLESTONE,THE UNITED FAMILY,"LUBBOCK, TX",368096,JOEL YEARY,5345169,NAVEL,GIRO 10-4#,088,CHOICE,SIG SELECT,USA,BAGMAS MED,COBBLESTONE,CHEP,168,2024-10-28,2024-10-30,c1cfeddbe24e6294561d2a8bfde02620,2024-10-29 13:52:46.979093,2,new
COBBLESTONE,TOPCO ASSOCIATES LLC,"ALBRECHT- AKRON, OH",367727,PRESCOTT LEYBA,9500633357,LEMON,CTN,075,FANCY,,USA,CTN,COBBLESTONE,CHEP,27,2024-10-23,2024-10-30,e0310f5e8aa1b7f4a3b241df8e61b95e,2024-10-29 13:52:46.979093,2,new
COBBLESTONE,TOPCO ASSOCIATES LLC,"ALBRECHT- AKRON, OH",367727,PRESCOTT LEYBA,9500633357,LEMON,GIRO 18-2#,095,FANCY,BASKET & BUSHEL,USA,BAGMAS MED,COBBLESTONE,CHEP,21,2024-10-23,2024-10-30,274db0a548bacc64214dd9ab5c64066f,2024-10-29 13:52:46.979093,2,new
COBBLESTONE,TOPCO ASSOCIATES LLC,"ALBRECHT- AKRON, OH",367727,PRESCOTT LEYBA,9500633357,NAVEL,CTN,048,FANCY,,USA,CTN,COBBLESTONE,CHEP,27,2024-10-23,2024-10-30,d34956bc48f1be3c25df30ae39d7b8ad,2024-10-29 13:52:46.979093,2,new
COBBLESTONE,TOPCO ASSOCIATES LLC,"ALBRECHT- AKRON, OH",367727,PRESCOTT LEYBA,9500633357,NAVEL,CTN,072,FANCY,,USA,CTN,COBBLESTONE,CHEP,18,2024-10-23,2024-10-30,f5c2e45d13a33a6f818de753ce084554,2024-10-29 13:52:46.979093,2,new
COBBLESTONE,TOPCO ASSOCIATES LLC,"ALBRECHT- AKRON, OH",367727,PRESCOTT LEYBA,9500633357,NAVEL,FOX 6-8#,072,CHOICE,,USA,BAGMAS LRG,COBBLESTONE,CHEP,42,2024-10-23,2024-10-30,7fad5bc0bbcc16dd6749940d8443ae54,2024-10-29 13:52:46.979093,2,new
COBBLESTONE,TOPCO ASSOCIATES LLC,"ALBRECHT- AKRON, OH",367727,PRESCOTT LEYBA,9500633357,NAVEL,GIRO 12-3#,088,FANCY,,USA,BAGMAS MED,COBBLESTONE,CHEP,42,2024-10-23,2024-10-30,e9eb7d07567dfbfeafeca635381987ee,2024-10-29 13:52:46.979093,2,new
COBBLESTONE,TOPCO ASSOCIATES LLC,"STATER BROS. - LOS ANGELES, CA",367776,PRESCOTT LEYBA,9500633500,MANDARIN,GIRO 10-3#,003,FANCY,BASKET & BUSHEL,CHILE,ORIG CTN,COBBLESTONE,CHEP,1200,2024-10-23,2024-10-29,53a58afa7d967f63e41531ebd9d7eed5,2024-10-29 13:52:46.979093,2,new
COBBLESTONE,UNFI,"CENTRALIA, WA",367794,ALEX MARRIOTT,46-372773,NAVEL,CTN,088,CHOICE,,USA,SCTN C NAV KRP,COBBLESTONE,CHEP,189,2024-10-24,2024-10-29,6c1df91ec51c4c40f8ffb28191eb6e99,2024-10-29 13:52:46.979093,2,new
COBBLESTONE,UNFI,"CENTRALIA, WA",367794,ALEX MARRIOTT,46-372773,NAVEL,10# CARTON,088,CHOICE,,USA,CPK ORN KRP,COBBLESTONE,CHEP,85,2024-10-24,2024-10-29,a87e669b2ab01cc901c72ae88230e363,2024-10-29 13:52:46.979093,2,new
COBBLESTONE,UNFI,"CENTRALIA, WA",367794,ALEX MARRIOTT,46-372773,NAVEL,FOX 4-10#,072,CHOICE,,USA,9 3/4 ORN KRP,COBBLESTONE,CHEP,120,2024-10-24,2024-10-29,ba3180a9c11df53c6781107a7d1da65a,2024-10-29 13:52:46.979093,2,new
COBBLESTONE,VESTA FOOD SERVICE,"SANTA FE SPRINGS, CA",368135,DUNCAN MARRIOTT,2195820,NAVEL,CTN,088,CHOICE,NO STICKER,USA,SCTN C NAV KRP,COBBLESTONE,REGULAR,270,2024-10-28,2024-10-29,c2b7d3bdd053a2152a98dfa623dfe4b9,2024-10-29 13:52:46.979093,2,new
COBBLESTONE,VESTA FOOD SERVICE,"SANTA FE SPRINGS, CA",368135,DUNCAN MARRIOTT,2195820,NAVEL,CTN,138,CHOICE,NO STICKER,USA,SCTN C NAV KRP,COBBLESTONE,REGULAR,54,2024-10-28,2024-10-29,342c22c89f261c7a07507fe33031da46,2024-10-29 13:52:46.979093,2,new
COBBLESTONE,VESTA FOOD SERVICE,"SANTA FE SPRINGS, CA",368136,DUNCAN MARRIOTT,11744,NAVEL,CTN,088,CHOICE,NO STICKER,USA,SCTN C NAV KRP,COBBLESTONE,REGULAR,270,2024-10-28,2024-10-29,9d23e9c83975a2237d4dfb1f12d62679,2024-10-29 13:52:46.979093,2,new
COBBLESTONE,VESTA FOOD SERVICE,"SANTA FE SPRINGS, CA",368138,DUNCAN MARRIOTT,664674,NAVEL,CTN,088,CHOICE,NO STICKER,USA,SCTN C NAV KRP,COBBLESTONE,REGULAR,108,2024-10-28,2024-10-29,e84c6254dd146e969b6c1f55e4b8f627,2024-10-29 13:52:46.979093,2,new
COBBLESTONE,VESTA FOOD SERVICE,"SANTA FE SPRINGS, CA",368138,DUNCAN MARRIOTT,664674,NAVEL,CTN,138,CHOICE,NO STICKER,USA,SCTN C NAV KRP,COBBLESTONE,REGULAR,108,2024-10-28,2024-10-29,db6e00c68637eeba38dfde906af85c5f,2024-10-29 13:52:46.979093,2,new
COBBLESTONE,"WESTERN SKY PRODUCE, LLC.","MONTEREY, CA",367864,PRESCOTT LEYBA,112789,NAVEL,CTN,088,CHOICE,,USA,SCTN C NAV KRP,COBBLESTONE,REGULAR,27,2024-10-24,2024-10-29,a20c5ac2230454733bdad3c0d4bbab94,2024-10-29 13:52:46.979093,2,new
COBBLESTONE,"WESTERN SKY PRODUCE, LLC.","MONTEREY, CA",367864,PRESCOTT LEYBA,112789,NAVEL,CTN,113,FANCY,,USA,SCTN C NAV KRP,COBBLESTONE,REGULAR,27,2024-10-24,2024-10-29,4f9d880a14691682f4e81b54f2983c0e,2024-10-29 13:52:46.979093,2,new
COBBLESTONE,"WESTERN SKY PRODUCE, LLC.","MONTEREY, CA",367864,PRESCOTT LEYBA,112789,NAVEL,CTN,138,CHOICE,,USA,SCTN C NAV KRP,COBBLESTONE,REGULAR,54,2024-10-24,2024-10-29,c55ababaf373136f15d7151b253c61bf,2024-10-29 13:52:46.979093,2,new
COBBLESTONE,WHOLE FOODS PRODUCE,"CHESHIRE, CT",367879,DUNCAN MARRIOTT,5404705,NAVEL,GIRO 10-4#,113,FANCY,,USA,BAGMAS MED,COBBLESTONE,REGULAR,546,2024-10-24,2024-10-29,0a54d1aeadcd9be9f118f8e68bde0cab,2024-10-29 13:52:46.979093,2,new
COBBLESTONE,WHOLE FOODS PRODUCE,"RICHMOND, CA",368040,DUNCAN MARRIOTT,5405183,NAVEL,GIRO 10-4#,113,FANCY,,USA,BAGMAS MED,COBBLESTONE,REGULAR,210,2024-10-25,2024-10-30,8dd54edb0229569b8817e3f8ce200494,2024-10-29 13:52:46.979093,2,new
COBBLESTONE,WILLSON DAVIS CO,SAN ANTONIO,368165,SAMANTHA HOUGH,127222,NAVEL,CTN,088,FANCY,,USA,CTN,COBBLESTONE,REGULAR,162,2024-10-28,2024-10-29,216b0cdef22dda8e8f50228a1d9c090f,2024-10-29 13:52:46.979093,2,new
COBBLESTONE,WILLSON DAVIS CO,SAN ANTONIO,368165,SAMANTHA HOUGH,127222,NAVEL,CTN,138,FANCY,NO STICKER,USA,CTN,COBBLESTONE,REGULAR,432,2024-10-28,2024-10-29,934a480f3a239527b9666cc93bbed461,2024-10-29 13:52:46.979093,2,new
COBBLESTONE,"WR INTERNATIONAL, INC.","BUSAN, KOREA",367686,JIM LAMB,X00774,GRAPEFRUIT,CTN,040,EXP FANCY,,USA,SCTN GRPF KRP,COBBLESTONE,EXPORT,126,2024-10-23,2024-10-29,a890584eeaa7b7dfd6355789d6c332c0,2024-10-29 13:52:46.979093,2,new
COBBLESTONE,"WR INTERNATIONAL, INC.","BUSAN, KOREA",367686,JIM LAMB,X00774,GRAPEFRUIT,CTN,048,EXP FANCY,,USA,SCTN GRPF KRP,COBBLESTONE,EXPORT,315,2024-10-23,2024-10-29,9668bac5c13d4e5508305c193f6b3bbc,2024-10-29 13:52:46.979093,2,new
COBBLESTONE,"WR INTERNATIONAL, INC.","BUSAN, KOREA",367686,JIM LAMB,X00774,GRAPEFRUIT,CTN,056,EXP FANCY,,USA,SCTN GRPF KRP,COBBLESTONE,EXPORT,756,2024-10-23,2024-10-29,0cbab29849ff6d8a9b96fbf594531ab8,2024-10-29 13:52:46.979093,2,new
COBBLESTONE,"WR INTERNATIONAL, INC.","LOS ANGELES, CA",367970,MARTIN GARCIA,WR50874,NAVEL,CTN,072,CHOICE,,USA,SCTN C NAV KRP,COBBLESTONE,REGULAR,108,2024-10-25,2024-10-29,36d3c3aba352ab3323d0c9cd849c8f99,2024-10-29 13:52:46.979093,2,new
COBBLESTONE,"WR INTERNATIONAL, INC.","LOS ANGELES, CA",367981,MARTIN GARCIA,16253,GRAPEFRUIT,CTN,036,FANCY,,USA,SCTN GRPF KRP,COBBLESTONE,REGULAR,108,2024-10-25,2024-10-29,1c733d83a635c6302a4e588b117470a0,2024-10-29 13:52:46.979093,2,new
